Coupon Code,Description,Eligible Credit Cards,Eligible Debit Cards
KOTAKSOLITAIRE,"20% OFF up to Rs.5000 on Solitaire Credit Card. Offer applicable twice per card per calendar month; Offer applicable only on final billable amount net of other discounts (excluding convenience fee and tips); Restaurants applicable under this program can be found on the app and are subject to change from time to time; Offer valid on all days; Other T&Cs may apply.	",Kotak Solitaire Credit Card,
AMPLIFI20,"20% OFF up to Rs.1200 on Fi Federal Credit Cards. Offer valid on AmpliFi Fi Federal Credit Cards only; Offer valid on bill value of Rs.2500 and above; Offer applicable once per card during the offer period; Offer applicable only on final billable amount net of other discount (excluding convenience fee and tips); Restaurants applicable under this program can be found on the app and are subject to change from time to time; Offer valid all days.	",Federal Bank AmpliFi Credit Card,
HSBCTAJDINING,12% OFF up to Rs.1000 on HSBC Taj Credit Card.Offer valid once per customer during the offer period; Offer applicable only on cards with BIN 512042; Offer applicable only on final billable amount net of other discounts (excluding tips); Offer valid on all days; Offer not valid on HSBC Cashback / Live+ Credit Card variant; Restaurants applicable under this program can be found on the app and are subject to change from time to time; Other T&Cs may apply.        ,HSBC Taj Credit Card,
HSBCPRIVE,"12% OFF up to Rs.1000 on HSBC Prive Credit Cards.Offer valid once per customer during the offer period; Offer applicable only on final billable amount net of other discounts (excluding tips); Restaurants applicable under this program can be found on the app and are subject to change from time to time; Offer only valid for HSBC Taj Credit Card users; Offer valid on all days; Other T&Cs may apply.	",HSBC Prive Credit Card,
BANDHANBANK15,15% OFF up to Rs.750 on Bandhan Bank Cards.       ,Bandhan Bank One Credit Card,
BANDHANBANK15,15% OFF up to Rs.750 on Bandhan Bank Cards.       ,Bandhan Bank Plus Credit Card,
BANDHANBANK15,15% OFF up to Rs.750 on Bandhan Bank Cards.       ,Bandhan Bank Xclusive Credit Card,
KOTAKDINE811,20% OFF up to Rs.750 on Kotak 811 Infinity Metal Debit Card. Offer valid on HSBC Priv?d? Credit Card; Offer valid once per customer during the offer period; Offer applicable only on final billable amount net of other discounts (excluding tips); Restaurants applicable under this program can be found on the app and are subject to change from time to time; Offer valid on all days; Other T&Cs may apply.,,Kotak 811 Infinite Metal Debit Card
HSBCTODINING,"10% OFF up to Rs.1000 on HSBC TravelOne Credit Card. Offer valid once per user during the offer period; Offer applicable only on final billable amount net of other discounts (excluding tips); Restaurants applicable under this program can be found on the app and are subject to change from time to time; Other T&Cs may apply.	",HSBC TravelOne Credit Card,
,,,
,,,
,,,
,,,
YESTREAT,"Flat Rs.500 OFF on YES BANK Credit Cards. Offer valid once per card during the calendar month; Offer applicable only on final billable amount net of other discounts (excluding tips); Restaurants applicable under this program can be found on Zomato & District app and are subject to change from time to time; Offer is valid on all days; Other T&Cs may apply.	",YES Bank Marquee Credit Card,
YESTREAT,"Flat Rs.500 OFF on YES BANK Credit Cards. Offer valid once per card during the calendar month; Offer applicable only on final billable amount net of other discounts (excluding tips); Restaurants applicable under this program can be found on Zomato & District app and are subject to change from time to time; Offer is valid on all days; Other T&Cs may apply.	",YES Bank Paisabazaar Paisasave Credit Card,
YESTREAT,"Flat Rs.500 OFF on YES BANK Credit Cards. Offer valid once per card during the calendar month; Offer applicable only on final billable amount net of other discounts (excluding tips); Restaurants applicable under this program can be found on Zomato & District app and are subject to change from time to time; Offer is valid on all days; Other T&Cs may apply.	",YES Bank Rio RuPay Credit Card,
YESTREAT,"Flat Rs.500 OFF on YES BANK Credit Cards. Offer valid once per card during the calendar month; Offer applicable only on final billable amount net of other discounts (excluding tips); Restaurants applicable under this program can be found on Zomato & District app and are subject to change from time to time; Offer is valid on all days; Other T&Cs may apply.	",Yes Bank Anq Pi Credit Card,
YESTREAT,"Flat Rs.500 OFF on YES BANK Credit Cards. Offer valid once per card during the calendar month; Offer applicable only on final billable amount net of other discounts (excluding tips); Restaurants applicable under this program can be found on Zomato & District app and are subject to change from time to time; Offer is valid on all days; Other T&Cs may apply.	",Yes Bank BYOC Credit Card,
YESTREAT,"Flat Rs.500 OFF on YES BANK Credit Cards. Offer valid once per card during the calendar month; Offer applicable only on final billable amount net of other discounts (excluding tips); Restaurants applicable under this program can be found on Zomato & District app and are subject to change from time to time; Offer is valid on all days; Other T&Cs may apply.	",Yes Bank Card Anq Phi Credit  Card,
YESTREAT,"Flat Rs.500 OFF on YES BANK Credit Cards. Offer valid once per card during the calendar month; Offer applicable only on final billable amount net of other discounts (excluding tips); Restaurants applicable under this program can be found on Zomato & District app and are subject to change from time to time; Offer is valid on all days; Other T&Cs may apply.	",Yes Bank Finbooster Credit Card,
YESTREAT,"Flat Rs.500 OFF on YES BANK Credit Cards. Offer valid once per card during the calendar month; Offer applicable only on final billable amount net of other discounts (excluding tips); Restaurants applicable under this program can be found on Zomato & District app and are subject to change from time to time; Offer is valid on all days; Other T&Cs may apply.	",Yes Bank Wellness Credit Card,
YESTREAT,"Flat Rs.500 OFF on YES BANK Credit Cards. Offer valid once per card during the calendar month; Offer applicable only on final billable amount net of other discounts (excluding tips); Restaurants applicable under this program can be found on Zomato & District app and are subject to change from time to time; Offer is valid on all days; Other T&Cs may apply.	",Yes Bank Wellness Plus Credit Card,
YESTREAT,"Flat Rs.500 OFF on YES BANK Credit Cards. Offer valid once per card during the calendar month; Offer applicable only on final billable amount net of other discounts (excluding tips); Restaurants applicable under this program can be found on Zomato & District app and are subject to change from time to time; Offer is valid on all days; Other T&Cs may apply.	",Yes ELITE + Credit Card,
YESTREAT,"Flat Rs.500 OFF on YES BANK Credit Cards. Offer valid once per card during the calendar month; Offer applicable only on final billable amount net of other discounts (excluding tips); Restaurants applicable under this program can be found on Zomato & District app and are subject to change from time to time; Offer is valid on all days; Other T&Cs may apply.	",Yes EMI Credit Card,
YESTREAT,"Flat Rs.500 OFF on YES BANK Credit Cards. Offer valid once per card during the calendar month; Offer applicable only on final billable amount net of other discounts (excluding tips); Restaurants applicable under this program can be found on Zomato & District app and are subject to change from time to time; Offer is valid on all days; Other T&Cs may apply.	",Yes Private Prime Credit Card,
YESTREAT,"Flat Rs.500 OFF on YES BANK Credit Cards. Offer valid once per card during the calendar month; Offer applicable only on final billable amount net of other discounts (excluding tips); Restaurants applicable under this program can be found on Zomato & District app and are subject to change from time to time; Offer is valid on all days; Other T&Cs may apply.	",Yes Prosperity Cashback Credit Card,
YESTREAT,"Flat Rs.500 OFF on YES BANK Credit Cards. Offer valid once per card during the calendar month; Offer applicable only on final billable amount net of other discounts (excluding tips); Restaurants applicable under this program can be found on Zomato & District app and are subject to change from time to time; Offer is valid on all days; Other T&Cs may apply.	",Yes Prosperity Cashback Plus Credit Card,
YESTREAT,"Flat Rs.500 OFF on YES BANK Credit Cards. Offer valid once per card during the calendar month; Offer applicable only on final billable amount net of other discounts (excluding tips); Restaurants applicable under this program can be found on Zomato & District app and are subject to change from time to time; Offer is valid on all days; Other T&Cs may apply.	",Yes Prosperity Edge Credit Card,
YESTREAT,"Flat Rs.500 OFF on YES BANK Credit Cards. Offer valid once per card during the calendar month; Offer applicable only on final billable amount net of other discounts (excluding tips); Restaurants applicable under this program can be found on Zomato & District app and are subject to change from time to time; Offer is valid on all days; Other T&Cs may apply.	",Yes Prosperity Reward Credit Card,
YESTREAT,"Flat Rs.500 OFF on YES BANK Credit Cards. Offer valid once per card during the calendar month; Offer applicable only on final billable amount net of other discounts (excluding tips); Restaurants applicable under this program can be found on Zomato & District app and are subject to change from time to time; Offer is valid on all days; Other T&Cs may apply.	",Yes Prosperity Reward Plus Credit Card,
YESTREAT,"Flat Rs.500 OFF on YES BANK Credit Cards. Offer valid once per card during the calendar month; Offer applicable only on final billable amount net of other discounts (excluding tips); Restaurants applicable under this program can be found on Zomato & District app and are subject to change from time to time; Offer is valid on all days; Other T&Cs may apply.	",Yes Reserv Credit Card,
,,,
,,,
,,,
,,,
,,,
,,,
,,,
,,,
,,,
,,,
,,,
,,,
,,,
,,,
,,,
,,,
,,,
,,,
,,,
,,,
,,,
,,,
,,,
,,,
,,,
,,,
,,,
,,,
,,,
,,,
,,,
,,,
,,,
,,,
,,,
,,,
,,,
,,,
,,,
,,,
IDFCPRIVATE,Get 20% OFF up to Rs.1000 using IDFC Private Debit Cards. Offer applicable on IDFC Private Debit Cards . Offer valid four times per user during the offer period . Offer applicable only on final billable amount net of other discounts (excluding tips) . Restaurants applicable under this program can be found on the app & are subject to change from time to time . Other T&Cs may apply,,IDFC First Private Debit Card
DININGIDBI,Get 20% OFF up to Rs.1000 using IDBI Bank Credit Cards. Offer valid once per customer during the calendar month . Offer applicable only on final billable amount net of other discounts (excluding tips) . Restaurants applicable under this program can be found on the app & are subject to change from time to time . Offer valid on all days . Other T&Cs may apply,IDBI Aspire Platinum,
DININGIDBI,Get 20% OFF up to Rs.1000 using IDBI Bank Credit Cards. Offer valid once per customer during the calendar month . Offer applicable only on final billable amount net of other discounts (excluding tips) . Restaurants applicable under this program can be found on the app & are subject to change from time to time . Offer valid on all days . Other T&Cs may apply,IDBI Royale Signature Credit Card,
DININGIDBI,Get 20% OFF up to Rs.1000 using IDBI Bank Credit Cards. Offer valid once per customer during the calendar month . Offer applicable only on final billable amount net of other discounts (excluding tips) . Restaurants applicable under this program can be found on the app & are subject to change from time to time . Offer valid on all days . Other T&Cs may apply,IDBI Imperium Platinum,
DININGIDBI,Get 20% OFF up to Rs.1000 using IDBI Bank Credit Cards. Offer valid once per customer during the calendar month . Offer applicable only on final billable amount net of other discounts (excluding tips) . Restaurants applicable under this program can be found on the app & are subject to change from time to time . Offer valid on all days . Other T&Cs may apply,IDBI Aspire Platinum,
,,,
,,,
,,,
,,,
,,,
,,,
,,,
,,,
,,,
,,,
,,,
,,,
,,,
,,,
,,,
,,,
,,,
,,,
,,,
,,,
,,,
,,,
,,,
,,,
,,,
,,,
,,,
,,,
,,,
,,,
,,,
,,,
,,,
,,,
,,,
,,,
,,,
,,,
,,,
RBLDINING,"Flat Rs.300 OFF using RBL Bank Credit Cards. Offer valid once per card during the offer period . Offer applicable only on final billable amount net of other discounts (excluding tips) . Offer valid on Friday, Saturday & Sunday . Restaurants applicable under this program can be found on the app & are subject to change from time to time . Other T&Cs may apply . Valid on final payable amount of Rs.3500 or more",RBL Bank VCard,
RBLDINING,"Flat Rs.300 OFF using RBL Bank Credit Cards. Offer valid once per card during the offer period . Offer applicable only on final billable amount net of other discounts (excluding tips) . Offer valid on Friday, Saturday & Sunday . Restaurants applicable under this program can be found on the app & are subject to change from time to time . Other T&Cs may apply . Valid on final payable amount of Rs.3500 or more",RBL Bank Cookie Credit Card,
RBLDINING,"Flat Rs.300 OFF using RBL Bank Credit Cards. Offer valid once per card during the offer period . Offer applicable only on final billable amount net of other discounts (excluding tips) . Offer valid on Friday, Saturday & Sunday . Restaurants applicable under this program can be found on the app & are subject to change from time to time . Other T&Cs may apply . Valid on final payable amount of Rs.3500 or more",RBL Bank Shoprite Credit Card,
RBLDINING,"Flat Rs.300 OFF using RBL Bank Credit Cards. Offer valid once per card during the offer period . Offer applicable only on final billable amount net of other discounts (excluding tips) . Offer valid on Friday, Saturday & Sunday . Restaurants applicable under this program can be found on the app & are subject to change from time to time . Other T&Cs may apply . Valid on final payable amount of Rs.3500 or more",RBL Platinum Maxima Plus Card,
RBLDINING,"Flat Rs.300 OFF using RBL Bank Credit Cards. Offer valid once per card during the offer period . Offer applicable only on final billable amount net of other discounts (excluding tips) . Offer valid on Friday, Saturday & Sunday . Restaurants applicable under this program can be found on the app & are subject to change from time to time . Other T&Cs may apply . Valid on final payable amount of Rs.3500 or more",RBL Bank MoneyTap Black Card,
RBLDINING,"Flat Rs.300 OFF using RBL Bank Credit Cards. Offer valid once per card during the offer period . Offer applicable only on final billable amount net of other discounts (excluding tips) . Offer valid on Friday, Saturday & Sunday . Restaurants applicable under this program can be found on the app & are subject to change from time to time . Other T&Cs may apply . Valid on final payable amount of Rs.3500 or more",RBL Bank Platinum Maxima Credit Card,
RBLDINING,"Flat Rs.300 OFF using RBL Bank Credit Cards. Offer valid once per card during the offer period . Offer applicable only on final billable amount net of other discounts (excluding tips) . Offer valid on Friday, Saturday & Sunday . Restaurants applicable under this program can be found on the app & are subject to change from time to time . Other T&Cs may apply . Valid on final payable amount of Rs.3500 or more",RBL Bank Movies and More Credit Card,
RBLDINING,"Flat Rs.300 OFF using RBL Bank Credit Cards. Offer valid once per card during the offer period . Offer applicable only on final billable amount net of other discounts (excluding tips) . Offer valid on Friday, Saturday & Sunday . Restaurants applicable under this program can be found on the app & are subject to change from time to time . Other T&Cs may apply . Valid on final payable amount of Rs.3500 or more",RBL Bank Paisabazaar Duet Plus Card,
RBLDINING,"Flat Rs.300 OFF using RBL Bank Credit Cards. Offer valid once per card during the offer period . Offer applicable only on final billable amount net of other discounts (excluding tips) . Offer valid on Friday, Saturday & Sunday . Restaurants applicable under this program can be found on the app & are subject to change from time to time . Other T&Cs may apply . Valid on final payable amount of Rs.3500 or more",RBL Bank Bankbazaar Savemax Pro Credit Card,
RBLDINING,"Flat Rs.300 OFF using RBL Bank Credit Cards. Offer valid once per card during the offer period . Offer applicable only on final billable amount net of other discounts (excluding tips) . Offer valid on Friday, Saturday & Sunday . Restaurants applicable under this program can be found on the app & are subject to change from time to time . Other T&Cs may apply . Valid on final payable amount of Rs.3500 or more",RBL Bank Bankbazaar Savemax Credit Card,
RBLDINING,"Flat Rs.300 OFF using RBL Bank Credit Cards. Offer valid once per card during the offer period . Offer applicable only on final billable amount net of other discounts (excluding tips) . Offer valid on Friday, Saturday & Sunday . Restaurants applicable under this program can be found on the app & are subject to change from time to time . Other T&Cs may apply . Valid on final payable amount of Rs.3500 or more",RBL Bank iGlobe Credit Card,
RBLDINING,"Flat Rs.300 OFF using RBL Bank Credit Cards. Offer valid once per card during the offer period . Offer applicable only on final billable amount net of other discounts (excluding tips) . Offer valid on Friday, Saturday & Sunday . Restaurants applicable under this program can be found on the app & are subject to change from time to time . Other T&Cs may apply . Valid on final payable amount of Rs.3500 or more",RBL Bank Insignia Preferred Banking Card,
RBLDINING,"Flat Rs.300 OFF using RBL Bank Credit Cards. Offer valid once per card during the offer period . Offer applicable only on final billable amount net of other discounts (excluding tips) . Offer valid on Friday, Saturday & Sunday . Restaurants applicable under this program can be found on the app & are subject to change from time to time . Other T&Cs may apply . Valid on final payable amount of Rs.3500 or more",RBL Bank Play Credit Card,
RBLDINING,"Flat Rs.300 OFF using RBL Bank Credit Cards. Offer valid once per card during the offer period . Offer applicable only on final billable amount net of other discounts (excluding tips) . Offer valid on Friday, Saturday & Sunday . Restaurants applicable under this program can be found on the app & are subject to change from time to time . Other T&Cs may apply . Valid on final payable amount of Rs.3500 or more",RBL Bank World Safari Credit Card,
RBLDINING,"Flat Rs.300 OFF using RBL Bank Credit Cards. Offer valid once per card during the offer period . Offer applicable only on final billable amount net of other discounts (excluding tips) . Offer valid on Friday, Saturday & Sunday . Restaurants applicable under this program can be found on the app & are subject to change from time to time . Other T&Cs may apply . Valid on final payable amount of Rs.3500 or more",RBL Bank Platinum Delight Credit Card,
RBLDINING,"Flat Rs.300 OFF using RBL Bank Credit Cards. Offer valid once per card during the offer period . Offer applicable only on final billable amount net of other discounts (excluding tips) . Offer valid on Friday, Saturday & Sunday . Restaurants applicable under this program can be found on the app & are subject to change from time to time . Other T&Cs may apply . Valid on final payable amount of Rs.3500 or more",RBL Bank Monthly Treats Credit Card,
RBLDINING,"Flat Rs.300 OFF using RBL Bank Credit Cards. Offer valid once per card during the offer period . Offer applicable only on final billable amount net of other discounts (excluding tips) . Offer valid on Friday, Saturday & Sunday . Restaurants applicable under this program can be found on the app & are subject to change from time to time . Other T&Cs may apply . Valid on final payable amount of Rs.3500 or more",RBL Bank Lazy Pay Credit Card,
RBLDINING,"Flat Rs.300 OFF using RBL Bank Credit Cards. Offer valid once per card during the offer period . Offer applicable only on final billable amount net of other discounts (excluding tips) . Offer valid on Friday, Saturday & Sunday . Restaurants applicable under this program can be found on the app & are subject to change from time to time . Other T&Cs may apply . Valid on final payable amount of Rs.3500 or more",RBL Bank Icon Credit Card,
RBLDINING,"Flat Rs.300 OFF using RBL Bank Credit Cards. Offer valid once per card during the offer period . Offer applicable only on final billable amount net of other discounts (excluding tips) . Offer valid on Friday, Saturday & Sunday . Restaurants applicable under this program can be found on the app & are subject to change from time to time . Other T&Cs may apply . Valid on final payable amount of Rs.3500 or more",RBL Bank Paisabazaar Duet Card,
RBLDINING,"Flat Rs.300 OFF using RBL Bank Credit Cards. Offer valid once per card during the offer period . Offer applicable only on final billable amount net of other discounts (excluding tips) . Offer valid on Friday, Saturday & Sunday . Restaurants applicable under this program can be found on the app & are subject to change from time to time . Other T&Cs may apply . Valid on final payable amount of Rs.3500 or more",RBL Bank MoneyTap Credit Card,
RBLDINING,"Flat Rs.300 OFF using RBL Bank Credit Cards. Offer valid once per card during the offer period . Offer applicable only on final billable amount net of other discounts (excluding tips) . Offer valid on Friday, Saturday & Sunday . Restaurants applicable under this program can be found on the app & are subject to change from time to time . Other T&Cs may apply . Valid on final payable amount of Rs.3500 or more",RBL Bank Mocash Credit Card,
RBLDINING,"Flat Rs.300 OFF using RBL Bank Credit Cards. Offer valid once per card during the offer period . Offer applicable only on final billable amount net of other discounts (excluding tips) . Offer valid on Friday, Saturday & Sunday . Restaurants applicable under this program can be found on the app & are subject to change from time to time . Other T&Cs may apply . Valid on final payable amount of Rs.3500 or more",RBL Bank Platinum Classic Credit Card,
RBLDINING,"Flat Rs.300 OFF using RBL Bank Credit Cards. Offer valid once per card during the offer period . Offer applicable only on final billable amount net of other discounts (excluding tips) . Offer valid on Friday, Saturday & Sunday . Restaurants applicable under this program can be found on the app & are subject to change from time to time . Other T&Cs may apply . Valid on final payable amount of Rs.3500 or more",RBL Bank Platinum Advantage Credit Card,
RBLDINING,"Flat Rs.300 OFF using RBL Bank Credit Cards. Offer valid once per card during the offer period . Offer applicable only on final billable amount net of other discounts (excluding tips) . Offer valid on Friday, Saturday & Sunday . Restaurants applicable under this program can be found on the app & are subject to change from time to time . Other T&Cs may apply . Valid on final payable amount of Rs.3500 or more",RBL Bank Platinum Plus Visa Credit Card,
RBLDINING,"Flat Rs.300 OFF using RBL Bank Credit Cards. Offer valid once per card during the offer period . Offer applicable only on final billable amount net of other discounts (excluding tips) . Offer valid on Friday, Saturday & Sunday . Restaurants applicable under this program can be found on the app & are subject to change from time to time . Other T&Cs may apply . Valid on final payable amount of Rs.3500 or more",RBL Bank Platinum ValuePlus MasterCard Credit Card,
RBLDINING,"Flat Rs.300 OFF using RBL Bank Credit Cards. Offer valid once per card during the offer period . Offer applicable only on final billable amount net of other discounts (excluding tips) . Offer valid on Friday, Saturday & Sunday . Restaurants applicable under this program can be found on the app & are subject to change from time to time . Other T&Cs may apply . Valid on final payable amount of Rs.3500 or more",RBL Bank Novio RuPay Credit Card,
RBLDINING,"Flat Rs.300 OFF using RBL Bank Credit Cards. Offer valid once per card during the offer period . Offer applicable only on final billable amount net of other discounts (excluding tips) . Offer valid on Friday, Saturday & Sunday . Restaurants applicable under this program can be found on the app & are subject to change from time to time . Other T&Cs may apply . Valid on final payable amount of Rs.3500 or more",RBL Bank Platinum ValuePlus Credit Card,
RBLDINING,"Flat Rs.300 OFF using RBL Bank Credit Cards. Offer valid once per card during the offer period . Offer applicable only on final billable amount net of other discounts (excluding tips) . Offer valid on Friday, Saturday & Sunday . Restaurants applicable under this program can be found on the app & are subject to change from time to time . Other T&Cs may apply . Valid on final payable amount of Rs.3500 or more",RBL Bank Patanjali Vishisht RuPay Card,
RBLDINING,"Flat Rs.300 OFF using RBL Bank Credit Cards. Offer valid once per card during the offer period . Offer applicable only on final billable amount net of other discounts (excluding tips) . Offer valid on Friday, Saturday & Sunday . Restaurants applicable under this program can be found on the app & are subject to change from time to time . Other T&Cs may apply . Valid on final payable amount of Rs.3500 or more",RBL Bank Platinum Shopgain Visa Credit Card,
RBLDINING,"Flat Rs.300 OFF using RBL Bank Credit Cards. Offer valid once per card during the offer period . Offer applicable only on final billable amount net of other discounts (excluding tips) . Offer valid on Friday, Saturday & Sunday . Restaurants applicable under this program can be found on the app & are subject to change from time to time . Other T&Cs may apply . Valid on final payable amount of Rs.3500 or more",RBL Bank Platinum Bonus Credit Card,
RBLDINING,"Flat Rs.300 OFF using RBL Bank Credit Cards. Offer valid once per card during the offer period . Offer applicable only on final billable amount net of other discounts (excluding tips) . Offer valid on Friday, Saturday & Sunday . Restaurants applicable under this program can be found on the app & are subject to change from time to time . Other T&Cs may apply . Valid on final payable amount of Rs.3500 or more",RBL Bank Platinum ShopSmart MasterCard Credit Card,
RBLDINING,"Flat Rs.300 OFF using RBL Bank Credit Cards. Offer valid once per card during the offer period . Offer applicable only on final billable amount net of other discounts (excluding tips) . Offer valid on Friday, Saturday & Sunday . Restaurants applicable under this program can be found on the app & are subject to change from time to time . Other T&Cs may apply . Valid on final payable amount of Rs.3500 or more",RBL Bank Binge Credit Card,
RBLDINING,"Flat Rs.300 OFF using RBL Bank Credit Cards. Offer valid once per card during the offer period . Offer applicable only on final billable amount net of other discounts (excluding tips) . Offer valid on Friday, Saturday & Sunday . Restaurants applicable under this program can be found on the app & are subject to change from time to time . Other T&Cs may apply . Valid on final payable amount of Rs.3500 or more",TVS Credit RBL Bank Gold Mastercard Card,
RBLDINING,"Flat Rs.300 OFF using RBL Bank Credit Cards. Offer valid once per card during the offer period . Offer applicable only on final billable amount net of other discounts (excluding tips) . Offer valid on Friday, Saturday & Sunday . Restaurants applicable under this program can be found on the app & are subject to change from time to time . Other T&Cs may apply . Valid on final payable amount of Rs.3500 or more",IndianOil RBL Bank Credit Card,
RBLDINING,"Flat Rs.300 OFF using RBL Bank Credit Cards. Offer valid once per card during the offer period . Offer applicable only on final billable amount net of other discounts (excluding tips) . Offer valid on Friday, Saturday & Sunday . Restaurants applicable under this program can be found on the app & are subject to change from time to time . Other T&Cs may apply . Valid on final payable amount of Rs.3500 or more",RBL Bank MyFirst Credit Card,
RBLDINING,"Flat Rs.300 OFF using RBL Bank Credit Cards. Offer valid once per card during the offer period . Offer applicable only on final billable amount net of other discounts (excluding tips) . Offer valid on Friday, Saturday & Sunday . Restaurants applicable under this program can be found on the app & are subject to change from time to time . Other T&Cs may apply . Valid on final payable amount of Rs.3500 or more",RBL Bank Platinum ShopDaily Credit Card,
RBLDINING,"Flat Rs.300 OFF using RBL Bank Credit Cards. Offer valid once per card during the offer period . Offer applicable only on final billable amount net of other discounts (excluding tips) . Offer valid on Friday, Saturday & Sunday . Restaurants applicable under this program can be found on the app & are subject to change from time to time . Other T&Cs may apply . Valid on final payable amount of Rs.3500 or more",RBL Bank Platinum Shopgain  Credit Card,
RBLDINING,"Flat Rs.300 OFF using RBL Bank Credit Cards. Offer valid once per card during the offer period . Offer applicable only on final billable amount net of other discounts (excluding tips) . Offer valid on Friday, Saturday & Sunday . Restaurants applicable under this program can be found on the app & are subject to change from time to time . Other T&Cs may apply . Valid on final payable amount of Rs.3500 or more",RBL Bank Platinum Edge MasterCard,
RBLDINING,"Flat Rs.300 OFF using RBL Bank Credit Cards. Offer valid once per card during the offer period . Offer applicable only on final billable amount net of other discounts (excluding tips) . Offer valid on Friday, Saturday & Sunday . Restaurants applicable under this program can be found on the app & are subject to change from time to time . Other T&Cs may apply . Valid on final payable amount of Rs.3500 or more",RBL Bank MyFirst Mastercard Credit Card,
RBLDINING,"Flat Rs.300 OFF using RBL Bank Credit Cards. Offer valid once per card during the offer period . Offer applicable only on final billable amount net of other discounts (excluding tips) . Offer valid on Friday, Saturday & Sunday . Restaurants applicable under this program can be found on the app & are subject to change from time to time . Other T&Cs may apply . Valid on final payable amount of Rs.3500 or more",RBL Bank Platinum Choice Visa Credit Card,
RBLDINING,"Flat Rs.300 OFF using RBL Bank Credit Cards. Offer valid once per card during the offer period . Offer applicable only on final billable amount net of other discounts (excluding tips) . Offer valid on Friday, Saturday & Sunday . Restaurants applicable under this program can be found on the app & are subject to change from time to time . Other T&Cs may apply . Valid on final payable amount of Rs.3500 or more",RBL Bank EasySaver Visa Credit Card,
RBLDINING,"Flat Rs.300 OFF using RBL Bank Credit Cards. Offer valid once per card during the offer period . Offer applicable only on final billable amount net of other discounts (excluding tips) . Offer valid on Friday, Saturday & Sunday . Restaurants applicable under this program can be found on the app & are subject to change from time to time . Other T&Cs may apply . Valid on final payable amount of Rs.3500 or more",RBL Bank Play Credit Card,
RBLDINING,"Flat Rs.300 OFF using RBL Bank Credit Cards. Offer valid once per card during the offer period . Offer applicable only on final billable amount net of other discounts (excluding tips) . Offer valid on Friday, Saturday & Sunday . Restaurants applicable under this program can be found on the app & are subject to change from time to time . Other T&Cs may apply . Valid on final payable amount of Rs.3500 or more",IRCTC RBL Bank Credit Card,
RBLDINING,"Flat Rs.300 OFF using RBL Bank Credit Cards. Offer valid once per card during the offer period . Offer applicable only on final billable amount net of other discounts (excluding tips) . Offer valid on Friday, Saturday & Sunday . Restaurants applicable under this program can be found on the app & are subject to change from time to time . Other T&Cs may apply . Valid on final payable amount of Rs.3500 or more",TVS Credit RBL Bank Card,
RBLDINING,"Flat Rs.300 OFF using RBL Bank Credit Cards. Offer valid once per card during the offer period . Offer applicable only on final billable amount net of other discounts (excluding tips) . Offer valid on Friday, Saturday & Sunday . Restaurants applicable under this program can be found on the app & are subject to change from time to time . Other T&Cs may apply . Valid on final payable amount of Rs.3500 or more",RBL Bank SalarySe Up RuPay Credit Card,
RBLDINING,"Flat Rs.300 OFF using RBL Bank Credit Cards. Offer valid once per card during the offer period . Offer applicable only on final billable amount net of other discounts (excluding tips) . Offer valid on Friday, Saturday & Sunday . Restaurants applicable under this program can be found on the app & are subject to change from time to time . Other T&Cs may apply . Valid on final payable amount of Rs.3500 or more",RBL Bank EasySaver Credit Card,
RBLDINING,"Flat Rs.300 OFF using RBL Bank Credit Cards. Offer valid once per card during the offer period . Offer applicable only on final billable amount net of other discounts (excluding tips) . Offer valid on Friday, Saturday & Sunday . Restaurants applicable under this program can be found on the app & are subject to change from time to time . Other T&Cs may apply . Valid on final payable amount of Rs.3500 or more",RBL Bank Binge MasterCard Credit Card,
RBLDINING,"Flat Rs.300 OFF using RBL Bank Credit Cards. Offer valid once per card during the offer period . Offer applicable only on final billable amount net of other discounts (excluding tips) . Offer valid on Friday, Saturday & Sunday . Restaurants applicable under this program can be found on the app & are subject to change from time to time . Other T&Cs may apply . Valid on final payable amount of Rs.3500 or more",RBL Bank World Prime Visa Credit Card,
RBLDINING,"Flat Rs.300 OFF using RBL Bank Credit Cards. Offer valid once per card during the offer period . Offer applicable only on final billable amount net of other discounts (excluding tips) . Offer valid on Friday, Saturday & Sunday . Restaurants applicable under this program can be found on the app & are subject to change from time to time . Other T&Cs may apply . Valid on final payable amount of Rs.3500 or more",RBL Bank Platinum Plus Credit Card,
RBLDINING,"Flat Rs.300 OFF using RBL Bank Credit Cards. Offer valid once per card during the offer period . Offer applicable only on final billable amount net of other discounts (excluding tips) . Offer valid on Friday, Saturday & Sunday . Restaurants applicable under this program can be found on the app & are subject to change from time to time . Other T&Cs may apply . Valid on final payable amount of Rs.3500 or more",RBL Bank World Max Credit Card,
RBLDINING,"Flat Rs.300 OFF using RBL Bank Credit Cards. Offer valid once per card during the offer period . Offer applicable only on final billable amount net of other discounts (excluding tips) . Offer valid on Friday, Saturday & Sunday . Restaurants applicable under this program can be found on the app & are subject to change from time to time . Other T&Cs may apply . Valid on final payable amount of Rs.3500 or more",IndianOil RBL Bank XTRA RuPay Credit Card,
RBLDINING,"Flat Rs.300 OFF using RBL Bank Credit Cards. Offer valid once per card during the offer period . Offer applicable only on final billable amount net of other discounts (excluding tips) . Offer valid on Friday, Saturday & Sunday . Restaurants applicable under this program can be found on the app & are subject to change from time to time . Other T&Cs may apply . Valid on final payable amount of Rs.3500 or more",IndianOil RBL Bank RuPay Credit Card,
RBLDINING,"Flat Rs.300 OFF using RBL Bank Credit Cards. Offer valid once per card during the offer period . Offer applicable only on final billable amount net of other discounts (excluding tips) . Offer valid on Friday, Saturday & Sunday . Restaurants applicable under this program can be found on the app & are subject to change from time to time . Other T&Cs may apply . Valid on final payable amount of Rs.3500 or more",RBL Bank World Prime Credit Card,
RBLDINING,"Flat Rs.300 OFF using RBL Bank Credit Cards. Offer valid once per card during the offer period . Offer applicable only on final billable amount net of other discounts (excluding tips) . Offer valid on Friday, Saturday & Sunday . Restaurants applicable under this program can be found on the app & are subject to change from time to time . Other T&Cs may apply . Valid on final payable amount of Rs.3500 or more",RBL Bank Platinum ShopDaily Visa Credit Card,
RBLDINING,"Flat Rs.300 OFF using RBL Bank Credit Cards. Offer valid once per card during the offer period . Offer applicable only on final billable amount net of other discounts (excluding tips) . Offer valid on Friday, Saturday & Sunday . Restaurants applicable under this program can be found on the app & are subject to change from time to time . Other T&Cs may apply . Valid on final payable amount of Rs.3500 or more",RBL Bank Patanjali Swarn RuPay Card,
RBLDINING,"Flat Rs.300 OFF using RBL Bank Credit Cards. Offer valid once per card during the offer period . Offer applicable only on final billable amount net of other discounts (excluding tips) . Offer valid on Friday, Saturday & Sunday . Restaurants applicable under this program can be found on the app & are subject to change from time to time . Other T&Cs may apply . Valid on final payable amount of Rs.3500 or more",RBL Bank Platinum Prime Credit Card,
RBLDINING,"Flat Rs.300 OFF using RBL Bank Credit Cards. Offer valid once per card during the offer period . Offer applicable only on final billable amount net of other discounts (excluding tips) . Offer valid on Friday, Saturday & Sunday . Restaurants applicable under this program can be found on the app & are subject to change from time to time . Other T&Cs may apply . Valid on final payable amount of Rs.3500 or more",RBL Bank World Max MasterCard Credit Card,
RBLDINING,"Flat Rs.300 OFF using RBL Bank Credit Cards. Offer valid once per card during the offer period . Offer applicable only on final billable amount net of other discounts (excluding tips) . Offer valid on Friday, Saturday & Sunday . Restaurants applicable under this program can be found on the app & are subject to change from time to time . Other T&Cs may apply . Valid on final payable amount of Rs.3500 or more",RBL Bank Platinum Choice Credit Card,
RBLDINING,"Flat Rs.300 OFF using RBL Bank Credit Cards. Offer valid once per card during the offer period . Offer applicable only on final billable amount net of other discounts (excluding tips) . Offer valid on Friday, Saturday & Sunday . Restaurants applicable under this program can be found on the app & are subject to change from time to time . Other T&Cs may apply . Valid on final payable amount of Rs.3500 or more",RBL Bank Platinum Shopsmart Credit Card,
RBLDINING,"Flat Rs.300 OFF using RBL Bank Credit Cards. Offer valid once per card during the offer period . Offer applicable only on final billable amount net of other discounts (excluding tips) . Offer valid on Friday, Saturday & Sunday . Restaurants applicable under this program can be found on the app & are subject to change from time to time . Other T&Cs may apply . Valid on final payable amount of Rs.3500 or more",RBL Bank World Plus MasterCard Credit Card,
RBLDINING,"Flat Rs.300 OFF using RBL Bank Credit Cards. Offer valid once per card during the offer period . Offer applicable only on final billable amount net of other discounts (excluding tips) . Offer valid on Friday, Saturday & Sunday . Restaurants applicable under this program can be found on the app & are subject to change from time to time . Other T&Cs may apply . Valid on final payable amount of Rs.3500 or more",RBL Bank World Plus Credit Card,
RBLDINING,"Flat Rs.300 OFF using RBL Bank Credit Cards. Offer valid once per card during the offer period . Offer applicable only on final billable amount net of other discounts (excluding tips) . Offer valid on Friday, Saturday & Sunday . Restaurants applicable under this program can be found on the app & are subject to change from time to time . Other T&Cs may apply . Valid on final payable amount of Rs.3500 or more",Indianoil RBL Bank Xtra Credit Card,
RBLDINING,"Flat Rs.300 OFF using RBL Bank Credit Cards. Offer valid once per card during the offer period . Offer applicable only on final billable amount net of other discounts (excluding tips) . Offer valid on Friday, Saturday & Sunday . Restaurants applicable under this program can be found on the app & are subject to change from time to time . Other T&Cs may apply . Valid on final payable amount of Rs.3500 or more",RBL Bank DMI Finance Credit Card,
RBLDINING,"Flat Rs.300 OFF using RBL Bank Credit Cards. Offer valid once per card during the offer period . Offer applicable only on final billable amount net of other discounts (excluding tips) . Offer valid on Friday, Saturday & Sunday . Restaurants applicable under this program can be found on the app & are subject to change from time to time . Other T&Cs may apply . Valid on final payable amount of Rs.3500 or more",RBL Bank Platinum TravelEasy Visa Credit Card,
RBLDINING,"Flat Rs.300 OFF using RBL Bank Credit Cards. Offer valid once per card during the offer period . Offer applicable only on final billable amount net of other discounts (excluding tips) . Offer valid on Friday, Saturday & Sunday . Restaurants applicable under this program can be found on the app & are subject to change from time to time . Other T&Cs may apply . Valid on final payable amount of Rs.3500 or more",RBL Bank Platinum LifeEasy Visa Credit Card,
RBLDINING,"Flat Rs.300 OFF using RBL Bank Credit Cards. Offer valid once per card during the offer period . Offer applicable only on final billable amount net of other discounts (excluding tips) . Offer valid on Friday, Saturday & Sunday . Restaurants applicable under this program can be found on the app & are subject to change from time to time . Other T&Cs may apply . Valid on final payable amount of Rs.3500 or more",RBL Bank Platinum TravelEasy Credit Card,
RBLDINING,"Flat Rs.300 OFF using RBL Bank Credit Cards. Offer valid once per card during the offer period . Offer applicable only on final billable amount net of other discounts (excluding tips) . Offer valid on Friday, Saturday & Sunday . Restaurants applicable under this program can be found on the app & are subject to change from time to time . Other T&Cs may apply . Valid on final payable amount of Rs.3500 or more",RBL Bank Platinum Edge Credit Card,
RBLDINING,"Flat Rs.300 OFF using RBL Bank Credit Cards. Offer valid once per card during the offer period . Offer applicable only on final billable amount net of other discounts (excluding tips) . Offer valid on Friday, Saturday & Sunday . Restaurants applicable under this program can be found on the app & are subject to change from time to time . Other T&Cs may apply . Valid on final payable amount of Rs.3500 or more",RBL Bank Platinum LifeEasy Credit Card,
SBIAURUM,Valid on final payable amount of 4000 or more . Offer valid once per card per month . Offer is not eligible for Reward Points forfeiture . Offer applicable only on final billable amount net of other discounts (excluding convenience fee and tips) . Restaurants applicable under this program can be found on the app & are subject to change from time to time . Other T&Cs may apply,Aurum Credit Card,
KOTAK600,"Valid on final payable amount of 2500 or more . Offer applicable once per card per calendar month . Offer applicable only on final billable amount net of other discounts (excluding convenience fee, cover charges and tips) . Offer valid on all days . Restaurants applicable under this program can be found on the app & are subject to change from time to time . Other T&Cs may apply",,Kotak Privy Neon League Debit Card
IDFCFPW,"Valid on final payable amount of 1000 or more . Offer applicable on IDFC First Power Women Platinum & Signature Debit Cards . Offer valid once per user during the offer period . Offer applicable only on final billable amount net of other discounts (excluding convenience fee, cover charges and tips) . Restaurants applicable under this program can be found on the app & are subject to change from time to time . Other T&Cs may apply",,IDFC Visa Signature Debit Card
IDFCFPW,"Valid on final payable amount of 1000 or more . Offer applicable on IDFC First Power Women Platinum & Signature Debit Cards . Offer valid once per user during the offer period . Offer applicable only on final billable amount net of other discounts (excluding convenience fee, cover charges and tips) . Restaurants applicable under this program can be found on the app & are subject to change from time to time . Other T&Cs may apply",,IDFC First Power Debit Card
KOTAK1500,"Valid on final payable amount of 2500 or more . Offer applicable once per card per calendar month . Offer valid on all days . Offer applicable only on final billable amount net of other discounts (excluding convenience fee, cover charges and tips) . Restaurants applicable under this program can be found on the app & are subject to change from time to time . Other T&Cs may apply",,Kotak Solitaire Debit Card
KOTAK1200,"Valid on final payable amount of 2500 or more . Offer applicable once per card per calendar month . Offer valid on all days . Offer applicable only on final billable amount net of other discounts (excluding convenience fee, cover charges and tips) . Restaurants applicable under this program can be found on the app & are subject to change from time to time . Other T&Cs may apply",,Kotak Privy League Black Debit Card
KOTAK1200,"Valid on final payable amount of 2500 or more . Offer applicable once per card per calendar month . Offer valid on all days . Offer applicable only on final billable amount net of other discounts (excluding convenience fee, cover charges and tips) . Restaurants applicable under this program can be found on the app & are subject to change from time to time . Other T&Cs may apply",,
KOTAK1000,"Valid on final payable amount of 2500 or more . Offer applicable once per card per calendar month . Offer applicable only on final billable amount net of other discounts (excluding convenience fee, cover charges and tips) . Offer valid on all days . Restaurants applicable under this program can be found on the app & are subject to change from time to time . Other T&Cs may apply",,Kotak Privy League Platinum Debit Card
AUIVYDINE,10% OFF up to 750 on select AU Bank IVY Debit Cards. Offer applicable once per card per calendar month; Offer applicable only on final billable amount net of other discounts (excluding convenience fee and tips); Offer applicable only on cards with BIN 40658480; Restaurants applicable under this program can be found on the app and are subject to change from time to time; Offer valid on all days; Other T&Cs may apply.,,AU Ivy Eternity Royale Debit Card
DININGINDUS,Valid on final payable amount of 2500 or more . Offer valid once per card during the calendar month . Offer applicable only on final billable amount net of other discounts (excluding convenience fee and tips) . Restaurants applicable under this program can be found on Zomato & District app & are subject to change from time to time . Offer is valid on all days . Other T&Cs may apply,,IndusInd Delights Debit Card
DININGINDUS,Valid on final payable amount of 2500 or more . Offer valid once per card during the calendar month . Offer applicable only on final billable amount net of other discounts (excluding convenience fee and tips) . Restaurants applicable under this program can be found on Zomato & District app & are subject to change from time to time . Offer is valid on all days . Other T&Cs may apply,,IndusInd Visa Signature Debit Card
DININGINDUS,Valid on final payable amount of 2500 or more . Offer valid once per card during the calendar month . Offer applicable only on final billable amount net of other discounts (excluding convenience fee and tips) . Restaurants applicable under this program can be found on Zomato & District app & are subject to change from time to time . Offer is valid on all days . Other T&Cs may apply,,IndusInd World Delights Debit Card
AUDCDINE,"10% OFF up to 500 on select AU Bank Debit Cards. Offer valid on DBS Credit Card; Offer applicable on Cobrand, Spark & Vantage Card variants; Offer applicable only on cards with BINs: 47613702, 45148702, 356122; Offer valid on bill value of 3000 and above; Offer applicable once per card during the offer period; Offer applicable only on final billable amount net of other discount (excluding convenience fee and tips); Restaurants applicable under this program can be found on the app and are subject to change from time to time; Offer valid all days.",,AU Royale Business Debit Card
AUDCDINE,"10% OFF up to 500 on select AU Bank Debit Cards. Offer valid on DBS Credit Card; Offer applicable on Cobrand, Spark & Vantage Card variants; Offer applicable only on cards with BINs: 47613702, 45148702, 356122; Offer valid on bill value of 3000 and above; Offer applicable once per card during the offer period; Offer applicable only on final billable amount net of other discount (excluding convenience fee and tips); Restaurants applicable under this program can be found on the app and are subject to change from time to time; Offer valid all days.",,AU Visa Business Gold Debit Card
AUDCDINE,"10% OFF up to 500 on select AU Bank Debit Cards. Offer valid on DBS Credit Card; Offer applicable on Cobrand, Spark & Vantage Card variants; Offer applicable only on cards with BINs: 47613702, 45148702, 356122; Offer valid on bill value of 3000 and above; Offer applicable once per card during the offer period; Offer applicable only on final billable amount net of other discount (excluding convenience fee and tips); Restaurants applicable under this program can be found on the app and are subject to change from time to time; Offer valid all days.",,AU Royale Debit Card
AUDCDINE,"10% OFF up to 500 on select AU Bank Debit Cards. Offer valid on DBS Credit Card; Offer applicable on Cobrand, Spark & Vantage Card variants; Offer applicable only on cards with BINs: 47613702, 45148702, 356122; Offer valid on bill value of 3000 and above; Offer applicable once per card during the offer period; Offer applicable only on final billable amount net of other discount (excluding convenience fee and tips); Restaurants applicable under this program can be found on the app and are subject to change from time to time; Offer valid all days.",,AU Visa Gold Debit Card
AUDCDINE,"10% OFF up to 500 on select AU Bank Debit Cards. Offer valid on DBS Credit Card; Offer applicable on Cobrand, Spark & Vantage Card variants; Offer applicable only on cards with BINs: 47613702, 45148702, 356122; Offer valid on bill value of 3000 and above; Offer applicable once per card during the offer period; Offer applicable only on final billable amount net of other discount (excluding convenience fee and tips); Restaurants applicable under this program can be found on the app and are subject to change from time to time; Offer valid all days.",,AU Platinum Debit Card
AUDCDINE,"10% OFF up to 500 on select AU Bank Debit Cards. Offer valid on DBS Credit Card; Offer applicable on Cobrand, Spark & Vantage Card variants; Offer applicable only on cards with BINs: 47613702, 45148702, 356122; Offer valid on bill value of 3000 and above; Offer applicable once per card during the offer period; Offer applicable only on final billable amount net of other discount (excluding convenience fee and tips); Restaurants applicable under this program can be found on the app and are subject to change from time to time; Offer valid all days.",,AU Royale World Debit Card
AUDCDINE,"10% OFF up to 500 on select AU Bank Debit Cards. Offer valid on DBS Credit Card; Offer applicable on Cobrand, Spark & Vantage Card variants; Offer applicable only on cards with BINs: 47613702, 45148702, 356122; Offer valid on bill value of 3000 and above; Offer applicable once per card during the offer period; Offer applicable only on final billable amount net of other discount (excluding convenience fee and tips); Restaurants applicable under this program can be found on the app and are subject to change from time to time; Offer valid all days.",,AU RuPay Platinum Debit Card
AUDCDINE,"10% OFF up to 500 on select AU Bank Debit Cards. Offer valid on DBS Credit Card; Offer applicable on Cobrand, Spark & Vantage Card variants; Offer applicable only on cards with BINs: 47613702, 45148702, 356122; Offer valid on bill value of 3000 and above; Offer applicable once per card during the offer period; Offer applicable only on final billable amount net of other discount (excluding convenience fee and tips); Restaurants applicable under this program can be found on the app and are subject to change from time to time; Offer valid all days.",,AU RuPay Classic Debit Card
AUDCDINE,"10% OFF up to 500 on select AU Bank Debit Cards. Offer valid on DBS Credit Card; Offer applicable on Cobrand, Spark & Vantage Card variants; Offer applicable only on cards with BINs: 47613702, 45148702, 356122; Offer valid on bill value of 3000 and above; Offer applicable once per card during the offer period; Offer applicable only on final billable amount net of other discount (excluding convenience fee and tips); Restaurants applicable under this program can be found on the app and are subject to change from time to time; Offer valid all days.",,AU Visa Business Platinum Debit Card
AUDCDINE,"10% OFF up to 500 on select AU Bank Debit Cards. Offer valid on DBS Credit Card; Offer applicable on Cobrand, Spark & Vantage Card variants; Offer applicable only on cards with BINs: 47613702, 45148702, 356122; Offer valid on bill value of 3000 and above; Offer applicable once per card during the offer period; Offer applicable only on final billable amount net of other discount (excluding convenience fee and tips); Restaurants applicable under this program can be found on the app and are subject to change from time to time; Offer valid all days.",,AU Mastercard Platinum Debit Card
IDFCDINING,Flat 350 OFF on IDFC Bank Credit Cards. Offer valid once per card during the offer period; Offer applicable only on final billable amount net of other discounts (excluding tips); Offer valid on all days; Restaurants applicable under this program can be found on the app and are subject to change from time to time; Other T&Cs may apply.,IndiGo IDFC FIRST Credit Card,
IDFCDINING,Flat 350 OFF on IDFC Bank Credit Cards. Offer valid once per card during the offer period; Offer applicable only on final billable amount net of other discounts (excluding tips); Offer valid on all days; Restaurants applicable under this program can be found on the app and are subject to change from time to time; Other T&Cs may apply.,IDFC Bank First Millennia Credit Card,
IDFCDINING,Flat 350 OFF on IDFC Bank Credit Cards. Offer valid once per card during the offer period; Offer applicable only on final billable amount net of other discounts (excluding tips); Offer valid on all days; Restaurants applicable under this program can be found on the app and are subject to change from time to time; Other T&Cs may apply.,IDFC First Power Credit Card,
IDFCDINING,Flat 350 OFF on IDFC Bank Credit Cards. Offer valid once per card during the offer period; Offer applicable only on final billable amount net of other discounts (excluding tips); Offer valid on all days; Restaurants applicable under this program can be found on the app and are subject to change from time to time; Other T&Cs may apply.,IDFC First Select Credit Card,
IDFCDINING,Flat 350 OFF on IDFC Bank Credit Cards. Offer valid once per card during the offer period; Offer applicable only on final billable amount net of other discounts (excluding tips); Offer valid on all days; Restaurants applicable under this program can be found on the app and are subject to change from time to time; Other T&Cs may apply.,IDFC First Classic Credit Card,
IDFCDINING,Flat 350 OFF on IDFC Bank Credit Cards. Offer valid once per card during the offer period; Offer applicable only on final billable amount net of other discounts (excluding tips); Offer valid on all days; Restaurants applicable under this program can be found on the app and are subject to change from time to time; Other T&Cs may apply.,IDFC First Earn RuPay Credit Card,
IDFCDINING,Flat 350 OFF on IDFC Bank Credit Cards. Offer valid once per card during the offer period; Offer applicable only on final billable amount net of other discounts (excluding tips); Offer valid on all days; Restaurants applicable under this program can be found on the app and are subject to change from time to time; Other T&Cs may apply.,IDFC First Power+ Credit Card,
IDFCDINING,Flat 350 OFF on IDFC Bank Credit Cards. Offer valid once per card during the offer period; Offer applicable only on final billable amount net of other discounts (excluding tips); Offer valid on all days; Restaurants applicable under this program can be found on the app and are subject to change from time to time; Other T&Cs may apply.,IDFC First SWYP Credit Card,
IDFCDINING,Flat 350 OFF on IDFC Bank Credit Cards. Offer valid once per card during the offer period; Offer applicable only on final billable amount net of other discounts (excluding tips); Offer valid on all days; Restaurants applicable under this program can be found on the app and are subject to change from time to time; Other T&Cs may apply.,IDFC First Wealth Credit Card,
IDFCDINING,Flat 350 OFF on IDFC Bank Credit Cards. Offer valid once per card during the offer period; Offer applicable only on final billable amount net of other discounts (excluding tips); Offer valid on all days; Restaurants applicable under this program can be found on the app and are subject to change from time to time; Other T&Cs may apply.,IDFC Mayura Credit Card,
IDFCDINING,Flat 350 OFF on IDFC Bank Credit Cards. Offer valid once per card during the offer period; Offer applicable only on final billable amount net of other discounts (excluding tips); Offer valid on all days; Restaurants applicable under this program can be found on the app and are subject to change from time to time; Other T&Cs may apply.,IDFC First Private Credit Card,
IDFCDINING,Flat 350 OFF on IDFC Bank Credit Cards. Offer valid once per card during the offer period; Offer applicable only on final billable amount net of other discounts (excluding tips); Offer valid on all days; Restaurants applicable under this program can be found on the app and are subject to change from time to time; Other T&Cs may apply.,IDFC First Ashva Credit Card,
IDFCDINING,Flat 350 OFF on IDFC Bank Credit Cards. Offer valid once per card during the offer period; Offer applicable only on final billable amount net of other discounts (excluding tips); Offer valid on all days; Restaurants applicable under this program can be found on the app and are subject to change from time to time; Other T&Cs may apply.,IDFC First Wow Credit Card,
